file,name
/shared/mirnapro/upload/id4JWV03B5FZMSNR2/bench/SRX6980193/seedExpression.tsv,SRX6980193
/shared/mirnapro/upload/id4JWV03B5FZMSNR2/bench/SRX6979813/seedExpression.tsv,SRX6979813
/shared/mirnapro/upload/id4JWV03B5FZMSNR2/bench/SRX6979736/seedExpression.tsv,SRX6979736
/shared/mirnapro/upload/id4JWV03B5FZMSNR2/bench/SRX6980178/seedExpression.tsv,SRX6980178
/shared/mirnapro/upload/id4JWV03B5FZMSNR2/bench/SRX6980067/seedExpression.tsv,SRX6980067
/shared/mirnapro/upload/id4JWV03B5FZMSNR2/bench/SRX6979619/seedExpression.tsv,SRX6979619
/shared/mirnapro/upload/id4JWV03B5FZMSNR2/bench/SRX6979943/seedExpression.tsv,SRX6979943
/shared/mirnapro/upload/id4JWV03B5FZMSNR2/bench/SRX6980027/seedExpression.tsv,SRX6980027
/shared/mirnapro/upload/id4JWV03B5FZMSNR2/bench/SRX6979828/seedExpression.tsv,SRX6979828
/shared/mirnapro/upload/id4JWV03B5FZMSNR2/bench/SRX6979870/seedExpression.tsv,SRX6979870
/shared/mirnapro/upload/id4JWV03B5FZMSNR2/bench/SRX6979634/seedExpression.tsv,SRX6979634
/shared/mirnapro/upload/id4JWV03B5FZMSNR2/bench/SRX6979718/seedExpression.tsv,SRX6979718
/shared/mirnapro/upload/id4JWV03B5FZMSNR2/bench/SRX6979834/seedExpression.tsv,SRX6979834
/shared/mirnapro/upload/id4JWV03B5FZMSNR2/bench/SRX6979937/seedExpression.tsv,SRX6979937
/shared/mirnapro/upload/id4JWV03B5FZMSNR2/bench/SRX6979801/seedExpression.tsv,SRX6979801
/shared/mirnapro/upload/id4JWV03B5FZMSNR2/bench/SRX6980126/seedExpression.tsv,SRX6980126
/shared/mirnapro/upload/id4JWV03B5FZMSNR2/bench/SRX6979652/seedExpression.tsv,SRX6979652
/shared/mirnapro/upload/id4JWV03B5FZMSNR2/bench/SRX6979545/seedExpression.tsv,SRX6979545
/shared/mirnapro/upload/id4JWV03B5FZMSNR2/bench/SRX6979769/seedExpression.tsv,SRX6979769
/shared/mirnapro/upload/id4JWV03B5FZMSNR2/bench/SRX6980162/seedExpression.tsv,SRX6980162
/shared/mirnapro/upload/id4JWV03B5FZMSNR2/bench/SRX6979643/seedExpression.tsv,SRX6979643
/shared/mirnapro/upload/id4JWV03B5FZMSNR2/bench/SRX6979938/seedExpression.tsv,SRX6979938
/shared/mirnapro/upload/id4JWV03B5FZMSNR2/bench/SRX6979876/seedExpression.tsv,SRX6979876
/shared/mirnapro/upload/id4JWV03B5FZMSNR2/bench/SRX6979789/seedExpression.tsv,SRX6979789
/shared/mirnapro/upload/id4JWV03B5FZMSNR2/bench/SRX6980332/seedExpression.tsv,SRX6980332
/shared/mirnapro/upload/id4JWV03B5FZMSNR2/bench/SRX6979772/seedExpression.tsv,SRX6979772
/shared/mirnapro/upload/id4JWV03B5FZMSNR2/bench/SRX6979590/seedExpression.tsv,SRX6979590
/shared/mirnapro/upload/id4JWV03B5FZMSNR2/bench/SRX6979959/seedExpression.tsv,SRX6979959
/shared/mirnapro/upload/id4JWV03B5FZMSNR2/bench/SRX6980227/seedExpression.tsv,SRX6980227
/shared/mirnapro/upload/id4JWV03B5FZMSNR2/bench/SRX6979676/seedExpression.tsv,SRX6979676
/shared/mirnapro/upload/id4JWV03B5FZMSNR2/bench/SRX6980147/seedExpression.tsv,SRX6980147
/shared/mirnapro/upload/id4JWV03B5FZMSNR2/bench/SRX6980335/seedExpression.tsv,SRX6980335
/shared/mirnapro/upload/id4JWV03B5FZMSNR2/bench/SRX6979557/seedExpression.tsv,SRX6979557
/shared/mirnapro/upload/id4JWV03B5FZMSNR2/bench/SRX6980172/seedExpression.tsv,SRX6980172
/shared/mirnapro/upload/id4JWV03B5FZMSNR2/bench/SRX6980030/seedExpression.tsv,SRX6980030
/shared/mirnapro/upload/id4JWV03B5FZMSNR2/bench/SRX6979560/seedExpression.tsv,SRX6979560
/shared/mirnapro/upload/id4JWV03B5FZMSNR2/bench/SRX6980266/seedExpression.tsv,SRX6980266
/shared/mirnapro/upload/id4JWV03B5FZMSNR2/bench/SRX6980064/seedExpression.tsv,SRX6980064
/shared/mirnapro/upload/id4JWV03B5FZMSNR2/bench/SRX6979888/seedExpression.tsv,SRX6979888
/shared/mirnapro/upload/id4JWV03B5FZMSNR2/bench/SRX6979664/seedExpression.tsv,SRX6979664
/shared/mirnapro/upload/id4JWV03B5FZMSNR2/bench/SRX6980305/seedExpression.tsv,SRX6980305
/shared/mirnapro/upload/id4JWV03B5FZMSNR2/bench/SRX6980129/seedExpression.tsv,SRX6980129
/shared/mirnapro/upload/id4JWV03B5FZMSNR2/bench/SRX6980052/seedExpression.tsv,SRX6980052
/shared/mirnapro/upload/id4JWV03B5FZMSNR2/bench/SRX6980359/seedExpression.tsv,SRX6980359
/shared/mirnapro/upload/id4JWV03B5FZMSNR2/bench/SRX6980326/seedExpression.tsv,SRX6980326
/shared/mirnapro/upload/id4JWV03B5FZMSNR2/bench/SRX6980141/seedExpression.tsv,SRX6980141
/shared/mirnapro/upload/id4JWV03B5FZMSNR2/bench/SRX6980371/seedExpression.tsv,SRX6980371
/shared/mirnapro/upload/id4JWV03B5FZMSNR2/bench/SRX6979581/seedExpression.tsv,SRX6979581
/shared/mirnapro/upload/id4JWV03B5FZMSNR2/bench/SRX6979649/seedExpression.tsv,SRX6979649
/shared/mirnapro/upload/id4JWV03B5FZMSNR2/bench/SRX6979628/seedExpression.tsv,SRX6979628
/shared/mirnapro/upload/id4JWV03B5FZMSNR2/bench/SRX6979840/seedExpression.tsv,SRX6979840
/shared/mirnapro/upload/id4JWV03B5FZMSNR2/bench/SRX6979631/seedExpression.tsv,SRX6979631
/shared/mirnapro/upload/id4JWV03B5FZMSNR2/bench/SRX6979514/seedExpression.tsv,SRX6979514
/shared/mirnapro/upload/id4JWV03B5FZMSNR2/bench/SRX6980058/seedExpression.tsv,SRX6980058
/shared/mirnapro/upload/id4JWV03B5FZMSNR2/bench/SRX6980275/seedExpression.tsv,SRX6980275
/shared/mirnapro/upload/id4JWV03B5FZMSNR2/bench/SRX6980002/seedExpression.tsv,SRX6980002
/shared/mirnapro/upload/id4JWV03B5FZMSNR2/bench/SRX6979727/seedExpression.tsv,SRX6979727
/shared/mirnapro/upload/id4JWV03B5FZMSNR2/bench/SRX6980005/seedExpression.tsv,SRX6980005
/shared/mirnapro/upload/id4JWV03B5FZMSNR2/bench/SRX6980061/seedExpression.tsv,SRX6980061
/shared/mirnapro/upload/id4JWV03B5FZMSNR2/bench/SRX6979837/seedExpression.tsv,SRX6979837
/shared/mirnapro/upload/id4JWV03B5FZMSNR2/bench/SRX6979575/seedExpression.tsv,SRX6979575
/shared/mirnapro/upload/id4JWV03B5FZMSNR2/bench/SRX6980251/seedExpression.tsv,SRX6980251
/shared/mirnapro/upload/id4JWV03B5FZMSNR2/bench/SRX6980098/seedExpression.tsv,SRX6980098
/shared/mirnapro/upload/id4JWV03B5FZMSNR2/bench/SRX6979640/seedExpression.tsv,SRX6979640
/shared/mirnapro/upload/id4JWV03B5FZMSNR2/bench/SRX6979587/seedExpression.tsv,SRX6979587
/shared/mirnapro/upload/id4JWV03B5FZMSNR2/bench/SRX6980150/seedExpression.tsv,SRX6980150
/shared/mirnapro/upload/id4JWV03B5FZMSNR2/bench/SRX6979608/seedExpression.tsv,SRX6979608
/shared/mirnapro/upload/id4JWV03B5FZMSNR2/bench/SRX6979566/seedExpression.tsv,SRX6979566
/shared/mirnapro/upload/id4JWV03B5FZMSNR2/bench/SRX6979688/seedExpression.tsv,SRX6979688
/shared/mirnapro/upload/id4JWV03B5FZMSNR2/bench/SRX6979527/seedExpression.tsv,SRX6979527
/shared/mirnapro/upload/id4JWV03B5FZMSNR2/bench/SRX6980365/seedExpression.tsv,SRX6980365
/shared/mirnapro/upload/id4JWV03B5FZMSNR2/bench/SRX6979646/seedExpression.tsv,SRX6979646
/shared/mirnapro/upload/id4JWV03B5FZMSNR2/bench/SRX6979822/seedExpression.tsv,SRX6979822
/shared/mirnapro/upload/id4JWV03B5FZMSNR2/bench/SRX6980138/seedExpression.tsv,SRX6980138
/shared/mirnapro/upload/id4JWV03B5FZMSNR2/bench/SRX6980181/seedExpression.tsv,SRX6980181
/shared/mirnapro/upload/id4JWV03B5FZMSNR2/bench/SRX6979610/seedExpression.tsv,SRX6979610
/shared/mirnapro/upload/id4JWV03B5FZMSNR2/bench/SRX6979816/seedExpression.tsv,SRX6979816
/shared/mirnapro/upload/id4JWV03B5FZMSNR2/bench/SRX6979974/seedExpression.tsv,SRX6979974
/shared/mirnapro/upload/id4JWV03B5FZMSNR2/bench/SRX6980042/seedExpression.tsv,SRX6980042
/shared/mirnapro/upload/id4JWV03B5FZMSNR2/bench/SRX6979825/seedExpression.tsv,SRX6979825
/shared/mirnapro/upload/id4JWV03B5FZMSNR2/bench/SRX6980159/seedExpression.tsv,SRX6980159
/shared/mirnapro/upload/id4JWV03B5FZMSNR2/bench/SRX6979748/seedExpression.tsv,SRX6979748
/shared/mirnapro/upload/id4JWV03B5FZMSNR2/bench/SRX6980344/seedExpression.tsv,SRX6980344
/shared/mirnapro/upload/id4JWV03B5FZMSNR2/bench/SRX6979766/seedExpression.tsv,SRX6979766
/shared/mirnapro/upload/id4JWV03B5FZMSNR2/bench/SRX6979952/seedExpression.tsv,SRX6979952
/shared/mirnapro/upload/id4JWV03B5FZMSNR2/bench/SRX6980209/seedExpression.tsv,SRX6980209
/shared/mirnapro/upload/id4JWV03B5FZMSNR2/bench/SRX6979891/seedExpression.tsv,SRX6979891
/shared/mirnapro/upload/id4JWV03B5FZMSNR2/bench/SRX6980269/seedExpression.tsv,SRX6980269
/shared/mirnapro/upload/id4JWV03B5FZMSNR2/bench/SRX6979792/seedExpression.tsv,SRX6979792
/shared/mirnapro/upload/id4JWV03B5FZMSNR2/bench/SRX6980368/seedExpression.tsv,SRX6980368
/shared/mirnapro/upload/id4JWV03B5FZMSNR2/bench/SRX6980356/seedExpression.tsv,SRX6980356
/shared/mirnapro/upload/id4JWV03B5FZMSNR2/bench/SRX6980153/seedExpression.tsv,SRX6980153
/shared/mirnapro/upload/id4JWV03B5FZMSNR2/bench/SRX6979897/seedExpression.tsv,SRX6979897
/shared/mirnapro/upload/id4JWV03B5FZMSNR2/bench/SRX6979569/seedExpression.tsv,SRX6979569
/shared/mirnapro/upload/id4JWV03B5FZMSNR2/bench/SRX6980386/seedExpression.tsv,SRX6980386
/shared/mirnapro/upload/id4JWV03B5FZMSNR2/bench/SRX6979861/seedExpression.tsv,SRX6979861
/shared/mirnapro/upload/id4JWV03B5FZMSNR2/bench/SRX6979763/seedExpression.tsv,SRX6979763
/shared/mirnapro/upload/id4JWV03B5FZMSNR2/bench/SRX6979703/seedExpression.tsv,SRX6979703
/shared/mirnapro/upload/id4JWV03B5FZMSNR2/bench/SRX6980086/seedExpression.tsv,SRX6980086
/shared/mirnapro/upload/id4JWV03B5FZMSNR2/bench/SRX6979930/seedExpression.tsv,SRX6979930
/shared/mirnapro/upload/id4JWV03B5FZMSNR2/bench/SRX6979524/seedExpression.tsv,SRX6979524
/shared/mirnapro/upload/id4JWV03B5FZMSNR2/bench/SRX6980045/seedExpression.tsv,SRX6980045
/shared/mirnapro/upload/id4JWV03B5FZMSNR2/bench/SRX6980389/seedExpression.tsv,SRX6980389
/shared/mirnapro/upload/id4JWV03B5FZMSNR2/bench/SRX6979778/seedExpression.tsv,SRX6979778
/shared/mirnapro/upload/id4JWV03B5FZMSNR2/bench/SRX6980163/seedExpression.tsv,SRX6980163
/shared/mirnapro/upload/id4JWV03B5FZMSNR2/bench/SRX6979539/seedExpression.tsv,SRX6979539
/shared/mirnapro/upload/id4JWV03B5FZMSNR2/bench/SRX6980135/seedExpression.tsv,SRX6980135
/shared/mirnapro/upload/id4JWV03B5FZMSNR2/bench/SRX6980284/seedExpression.tsv,SRX6980284
/shared/mirnapro/upload/id4JWV03B5FZMSNR2/bench/SRX6979855/seedExpression.tsv,SRX6979855
/shared/mirnapro/upload/id4JWV03B5FZMSNR2/bench/SRX6980230/seedExpression.tsv,SRX6980230
/shared/mirnapro/upload/id4JWV03B5FZMSNR2/bench/SRX6979739/seedExpression.tsv,SRX6979739
/shared/mirnapro/upload/id4JWV03B5FZMSNR2/bench/SRX6979885/seedExpression.tsv,SRX6979885
/shared/mirnapro/upload/id4JWV03B5FZMSNR2/bench/SRX6979745/seedExpression.tsv,SRX6979745
/shared/mirnapro/upload/id4JWV03B5FZMSNR2/bench/SRX6979501/seedExpression.tsv,SRX6979501
/shared/mirnapro/upload/id4JWV03B5FZMSNR2/bench/SRX6979849/seedExpression.tsv,SRX6979849
/shared/mirnapro/upload/id4JWV03B5FZMSNR2/bench/SRX6979910/seedExpression.tsv,SRX6979910
/shared/mirnapro/upload/id4JWV03B5FZMSNR2/bench/SRX6979563/seedExpression.tsv,SRX6979563
/shared/mirnapro/upload/id4JWV03B5FZMSNR2/bench/SRX6979533/seedExpression.tsv,SRX6979533
/shared/mirnapro/upload/id4JWV03B5FZMSNR2/bench/SRX6979831/seedExpression.tsv,SRX6979831
/shared/mirnapro/upload/id4JWV03B5FZMSNR2/bench/SRX6980092/seedExpression.tsv,SRX6980092
/shared/mirnapro/upload/id4JWV03B5FZMSNR2/bench/SRX6979993/seedExpression.tsv,SRX6979993
/shared/mirnapro/upload/id4JWV03B5FZMSNR2/bench/SRX6980245/seedExpression.tsv,SRX6980245
/shared/mirnapro/upload/id4JWV03B5FZMSNR2/bench/SRX6980048/seedExpression.tsv,SRX6980048
/shared/mirnapro/upload/id4JWV03B5FZMSNR2/bench/SRX6979679/seedExpression.tsv,SRX6979679
/shared/mirnapro/upload/id4JWV03B5FZMSNR2/bench/SRX6980024/seedExpression.tsv,SRX6980024
/shared/mirnapro/upload/id4JWV03B5FZMSNR2/bench/SRX6979980/seedExpression.tsv,SRX6979980
/shared/mirnapro/upload/id4JWV03B5FZMSNR2/bench/SRX6980323/seedExpression.tsv,SRX6980323
/shared/mirnapro/upload/id4JWV03B5FZMSNR2/bench/SRX6980347/seedExpression.tsv,SRX6980347
/shared/mirnapro/upload/id4JWV03B5FZMSNR2/bench/SRX6979965/seedExpression.tsv,SRX6979965
/shared/mirnapro/upload/id4JWV03B5FZMSNR2/bench/SRX6980101/seedExpression.tsv,SRX6980101
/shared/mirnapro/upload/id4JWV03B5FZMSNR2/bench/SRX6979691/seedExpression.tsv,SRX6979691
/shared/mirnapro/upload/id4JWV03B5FZMSNR2/bench/SRX6980311/seedExpression.tsv,SRX6980311
/shared/mirnapro/upload/id4JWV03B5FZMSNR2/bench/SRX6979882/seedExpression.tsv,SRX6979882
/shared/mirnapro/upload/id4JWV03B5FZMSNR2/bench/SRX6979852/seedExpression.tsv,SRX6979852
/shared/mirnapro/upload/id4JWV03B5FZMSNR2/bench/SRX6979637/seedExpression.tsv,SRX6979637
/shared/mirnapro/upload/id4JWV03B5FZMSNR2/bench/SRX6980317/seedExpression.tsv,SRX6980317
/shared/mirnapro/upload/id4JWV03B5FZMSNR2/bench/SRX6979971/seedExpression.tsv,SRX6979971
/shared/mirnapro/upload/id4JWV03B5FZMSNR2/bench/SRX6980272/seedExpression.tsv,SRX6980272
/shared/mirnapro/upload/id4JWV03B5FZMSNR2/bench/SRX6980329/seedExpression.tsv,SRX6980329
/shared/mirnapro/upload/id4JWV03B5FZMSNR2/bench/SRX6979504/seedExpression.tsv,SRX6979504
/shared/mirnapro/upload/id4JWV03B5FZMSNR2/bench/SRX6979622/seedExpression.tsv,SRX6979622
/shared/mirnapro/upload/id4JWV03B5FZMSNR2/bench/SRX6980011/seedExpression.tsv,SRX6980011
/shared/mirnapro/upload/id4JWV03B5FZMSNR2/bench/SRX6980076/seedExpression.tsv,SRX6980076
/shared/mirnapro/upload/id4JWV03B5FZMSNR2/bench/SRX6980260/seedExpression.tsv,SRX6980260
/shared/mirnapro/upload/id4JWV03B5FZMSNR2/bench/SRX6980299/seedExpression.tsv,SRX6980299
/shared/mirnapro/upload/id4JWV03B5FZMSNR2/bench/SRX6980033/seedExpression.tsv,SRX6980033
/shared/mirnapro/upload/id4JWV03B5FZMSNR2/bench/SRX6980215/seedExpression.tsv,SRX6980215
/shared/mirnapro/upload/id4JWV03B5FZMSNR2/bench/SRX6979760/seedExpression.tsv,SRX6979760
/shared/mirnapro/upload/id4JWV03B5FZMSNR2/bench/SRX6980287/seedExpression.tsv,SRX6980287
/shared/mirnapro/upload/id4JWV03B5FZMSNR2/bench/SRX6979987/seedExpression.tsv,SRX6979987
/shared/mirnapro/upload/id4JWV03B5FZMSNR2/bench/SRX6979949/seedExpression.tsv,SRX6979949
/shared/mirnapro/upload/id4JWV03B5FZMSNR2/bench/SRX6980021/seedExpression.tsv,SRX6980021
/shared/mirnapro/upload/id4JWV03B5FZMSNR2/bench/SRX6980095/seedExpression.tsv,SRX6980095
/shared/mirnapro/upload/id4JWV03B5FZMSNR2/bench/SRX6980166/seedExpression.tsv,SRX6980166
/shared/mirnapro/upload/id4JWV03B5FZMSNR2/bench/SRX6980320/seedExpression.tsv,SRX6980320
/shared/mirnapro/upload/id4JWV03B5FZMSNR2/bench/SRX6980014/seedExpression.tsv,SRX6980014
/shared/mirnapro/upload/id4JWV03B5FZMSNR2/bench/SRX6980008/seedExpression.tsv,SRX6980008
/shared/mirnapro/upload/id4JWV03B5FZMSNR2/bench/SRX6980248/seedExpression.tsv,SRX6980248
/shared/mirnapro/upload/id4JWV03B5FZMSNR2/bench/SRX6980079/seedExpression.tsv,SRX6980079
/shared/mirnapro/upload/id4JWV03B5FZMSNR2/bench/SRX6980374/seedExpression.tsv,SRX6980374
/shared/mirnapro/upload/id4JWV03B5FZMSNR2/bench/SRX6979548/seedExpression.tsv,SRX6979548
/shared/mirnapro/upload/id4JWV03B5FZMSNR2/bench/SRX6980117/seedExpression.tsv,SRX6980117
/shared/mirnapro/upload/id4JWV03B5FZMSNR2/bench/SRX6979968/seedExpression.tsv,SRX6979968
/shared/mirnapro/upload/id4JWV03B5FZMSNR2/bench/SRX6980290/seedExpression.tsv,SRX6980290
/shared/mirnapro/upload/id4JWV03B5FZMSNR2/bench/SRX6979786/seedExpression.tsv,SRX6979786
/shared/mirnapro/upload/id4JWV03B5FZMSNR2/bench/SRX6979795/seedExpression.tsv,SRX6979795
/shared/mirnapro/upload/id4JWV03B5FZMSNR2/bench/SRX6979602/seedExpression.tsv,SRX6979602
/shared/mirnapro/upload/id4JWV03B5FZMSNR2/bench/SRX6980362/seedExpression.tsv,SRX6980362
/shared/mirnapro/upload/id4JWV03B5FZMSNR2/bench/SRX6979498/seedExpression.tsv,SRX6979498
/shared/mirnapro/upload/id4JWV03B5FZMSNR2/bench/SRX6979927/seedExpression.tsv,SRX6979927
/shared/mirnapro/upload/id4JWV03B5FZMSNR2/bench/SRX6980206/seedExpression.tsv,SRX6980206
/shared/mirnapro/upload/id4JWV03B5FZMSNR2/bench/SRX6979754/seedExpression.tsv,SRX6979754
/shared/mirnapro/upload/id4JWV03B5FZMSNR2/bench/SRX6980212/seedExpression.tsv,SRX6980212
/shared/mirnapro/upload/id4JWV03B5FZMSNR2/bench/SRX6980082/seedExpression.tsv,SRX6980082
/shared/mirnapro/upload/id4JWV03B5FZMSNR2/bench/SRX6980308/seedExpression.tsv,SRX6980308
/shared/mirnapro/upload/id4JWV03B5FZMSNR2/bench/SRX6980218/seedExpression.tsv,SRX6980218
/shared/mirnapro/upload/id4JWV03B5FZMSNR2/bench/SRX6979807/seedExpression.tsv,SRX6979807
/shared/mirnapro/upload/id4JWV03B5FZMSNR2/bench/SRX6980104/seedExpression.tsv,SRX6980104
/shared/mirnapro/upload/id4JWV03B5FZMSNR2/bench/SRX6980221/seedExpression.tsv,SRX6980221
/shared/mirnapro/upload/id4JWV03B5FZMSNR2/bench/SRX6979724/seedExpression.tsv,SRX6979724
/shared/mirnapro/upload/id4JWV03B5FZMSNR2/bench/SRX6980175/seedExpression.tsv,SRX6980175
/shared/mirnapro/upload/id4JWV03B5FZMSNR2/bench/SRX6979867/seedExpression.tsv,SRX6979867
/shared/mirnapro/upload/id4JWV03B5FZMSNR2/bench/SRX6979593/seedExpression.tsv,SRX6979593
/shared/mirnapro/upload/id4JWV03B5FZMSNR2/bench/SRX6980281/seedExpression.tsv,SRX6980281
/shared/mirnapro/upload/id4JWV03B5FZMSNR2/bench/SRX6980089/seedExpression.tsv,SRX6980089
/shared/mirnapro/upload/id4JWV03B5FZMSNR2/bench/SRX6980224/seedExpression.tsv,SRX6980224
/shared/mirnapro/upload/id4JWV03B5FZMSNR2/bench/SRX6979873/seedExpression.tsv,SRX6979873
/shared/mirnapro/upload/id4JWV03B5FZMSNR2/bench/SRX6979798/seedExpression.tsv,SRX6979798
/shared/mirnapro/upload/id4JWV03B5FZMSNR2/bench/SRX6979846/seedExpression.tsv,SRX6979846
/shared/mirnapro/upload/id4JWV03B5FZMSNR2/bench/SRX6979694/seedExpression.tsv,SRX6979694
/shared/mirnapro/upload/id4JWV03B5FZMSNR2/bench/SRX6980254/seedExpression.tsv,SRX6980254
/shared/mirnapro/upload/id4JWV03B5FZMSNR2/bench/SRX6979605/seedExpression.tsv,SRX6979605
/shared/mirnapro/upload/id4JWV03B5FZMSNR2/bench/SRX6980233/seedExpression.tsv,SRX6980233
/shared/mirnapro/upload/id4JWV03B5FZMSNR2/bench/SRX6979706/seedExpression.tsv,SRX6979706
/shared/mirnapro/upload/id4JWV03B5FZMSNR2/bench/SRX6980184/seedExpression.tsv,SRX6980184
/shared/mirnapro/upload/id4JWV03B5FZMSNR2/bench/SRX6979751/seedExpression.tsv,SRX6979751
/shared/mirnapro/upload/id4JWV03B5FZMSNR2/bench/SRX6979700/seedExpression.tsv,SRX6979700
/shared/mirnapro/upload/id4JWV03B5FZMSNR2/bench/SRX6979858/seedExpression.tsv,SRX6979858
/shared/mirnapro/upload/id4JWV03B5FZMSNR2/bench/SRX6980236/seedExpression.tsv,SRX6980236
/shared/mirnapro/upload/id4JWV03B5FZMSNR2/bench/SRX6980070/seedExpression.tsv,SRX6980070
/shared/mirnapro/upload/id4JWV03B5FZMSNR2/bench/SRX6979510/seedExpression.tsv,SRX6979510
/shared/mirnapro/upload/id4JWV03B5FZMSNR2/bench/SRX6979715/seedExpression.tsv,SRX6979715
/shared/mirnapro/upload/id4JWV03B5FZMSNR2/bench/SRX6979946/seedExpression.tsv,SRX6979946
/shared/mirnapro/upload/id4JWV03B5FZMSNR2/bench/SRX6980112/seedExpression.tsv,SRX6980112
/shared/mirnapro/upload/id4JWV03B5FZMSNR2/bench/SRX6980239/seedExpression.tsv,SRX6980239
/shared/mirnapro/upload/id4JWV03B5FZMSNR2/bench/SRX6980156/seedExpression.tsv,SRX6980156
/shared/mirnapro/upload/id4JWV03B5FZMSNR2/bench/SRX6980293/seedExpression.tsv,SRX6980293
/shared/mirnapro/upload/id4JWV03B5FZMSNR2/bench/SRX6979983/seedExpression.tsv,SRX6979983
/shared/mirnapro/upload/id4JWV03B5FZMSNR2/bench/SRX6979596/seedExpression.tsv,SRX6979596
/shared/mirnapro/upload/id4JWV03B5FZMSNR2/bench/SRX6979907/seedExpression.tsv,SRX6979907
/shared/mirnapro/upload/id4JWV03B5FZMSNR2/bench/SRX6979682/seedExpression.tsv,SRX6979682
/shared/mirnapro/upload/id4JWV03B5FZMSNR2/bench/SRX6979655/seedExpression.tsv,SRX6979655
/shared/mirnapro/upload/id4JWV03B5FZMSNR2/bench/SRX6980341/seedExpression.tsv,SRX6980341
/shared/mirnapro/upload/id4JWV03B5FZMSNR2/bench/SRX6979733/seedExpression.tsv,SRX6979733
/shared/mirnapro/upload/id4JWV03B5FZMSNR2/bench/SRX6979730/seedExpression.tsv,SRX6979730
/shared/mirnapro/upload/id4JWV03B5FZMSNR2/bench/SRX6980203/seedExpression.tsv,SRX6980203
/shared/mirnapro/upload/id4JWV03B5FZMSNR2/bench/SRX6979843/seedExpression.tsv,SRX6979843
/shared/mirnapro/upload/id4JWV03B5FZMSNR2/bench/SRX6979804/seedExpression.tsv,SRX6979804
/shared/mirnapro/upload/id4JWV03B5FZMSNR2/bench/SRX6980380/seedExpression.tsv,SRX6980380
/shared/mirnapro/upload/id4JWV03B5FZMSNR2/bench/SRX6979673/seedExpression.tsv,SRX6979673
/shared/mirnapro/upload/id4JWV03B5FZMSNR2/bench/SRX6979709/seedExpression.tsv,SRX6979709
/shared/mirnapro/upload/id4JWV03B5FZMSNR2/bench/SRX6979518/seedExpression.tsv,SRX6979518
/shared/mirnapro/upload/id4JWV03B5FZMSNR2/bench/SRX6979572/seedExpression.tsv,SRX6979572
/shared/mirnapro/upload/id4JWV03B5FZMSNR2/bench/SRX6979810/seedExpression.tsv,SRX6979810
/shared/mirnapro/upload/id4JWV03B5FZMSNR2/bench/SRX6979996/seedExpression.tsv,SRX6979996
/shared/mirnapro/upload/id4JWV03B5FZMSNR2/bench/SRX6979507/seedExpression.tsv,SRX6979507
/shared/mirnapro/upload/id4JWV03B5FZMSNR2/bench/SRX6980144/seedExpression.tsv,SRX6980144
/shared/mirnapro/upload/id4JWV03B5FZMSNR2/bench/SRX6980338/seedExpression.tsv,SRX6980338
/shared/mirnapro/upload/id4JWV03B5FZMSNR2/bench/SRX6980302/seedExpression.tsv,SRX6980302
/shared/mirnapro/upload/id4JWV03B5FZMSNR2/bench/SRX6979986/seedExpression.tsv,SRX6979986
/shared/mirnapro/upload/id4JWV03B5FZMSNR2/bench/SRX6979999/seedExpression.tsv,SRX6979999
/shared/mirnapro/upload/id4JWV03B5FZMSNR2/bench/SRX6979775/seedExpression.tsv,SRX6979775
/shared/mirnapro/upload/id4JWV03B5FZMSNR2/bench/SRX6979742/seedExpression.tsv,SRX6979742
/shared/mirnapro/upload/id4JWV03B5FZMSNR2/bench/SRX6979697/seedExpression.tsv,SRX6979697
/shared/mirnapro/upload/id4JWV03B5FZMSNR2/bench/SRX6979712/seedExpression.tsv,SRX6979712
/shared/mirnapro/upload/id4JWV03B5FZMSNR2/bench/SRX6979904/seedExpression.tsv,SRX6979904
/shared/mirnapro/upload/id4JWV03B5FZMSNR2/bench/SRX6980377/seedExpression.tsv,SRX6980377
/shared/mirnapro/upload/id4JWV03B5FZMSNR2/bench/SRX6980350/seedExpression.tsv,SRX6980350
/shared/mirnapro/upload/id4JWV03B5FZMSNR2/bench/SRX6979901/seedExpression.tsv,SRX6979901
/shared/mirnapro/upload/id4JWV03B5FZMSNR2/bench/SRX6979515/seedExpression.tsv,SRX6979515
/shared/mirnapro/upload/id4JWV03B5FZMSNR2/bench/SRX6979781/seedExpression.tsv,SRX6979781
/shared/mirnapro/upload/id4JWV03B5FZMSNR2/bench/SRX6979658/seedExpression.tsv,SRX6979658
/shared/mirnapro/upload/id4JWV03B5FZMSNR2/bench/SRX6980314/seedExpression.tsv,SRX6980314
/shared/mirnapro/upload/id4JWV03B5FZMSNR2/bench/SRX6979721/seedExpression.tsv,SRX6979721
/shared/mirnapro/upload/id4JWV03B5FZMSNR2/bench/SRX6980200/seedExpression.tsv,SRX6980200
/shared/mirnapro/upload/id4JWV03B5FZMSNR2/bench/SRX6979921/seedExpression.tsv,SRX6979921
/shared/mirnapro/upload/id4JWV03B5FZMSNR2/bench/SRX6980263/seedExpression.tsv,SRX6980263
/shared/mirnapro/upload/id4JWV03B5FZMSNR2/bench/SRX6979542/seedExpression.tsv,SRX6979542
/shared/mirnapro/upload/id4JWV03B5FZMSNR2/bench/SRX6980132/seedExpression.tsv,SRX6980132
/shared/mirnapro/upload/id4JWV03B5FZMSNR2/bench/SRX6980392/seedExpression.tsv,SRX6980392
/shared/mirnapro/upload/id4JWV03B5FZMSNR2/bench/SRX6980242/seedExpression.tsv,SRX6980242
/shared/mirnapro/upload/id4JWV03B5FZMSNR2/bench/SRX6979864/seedExpression.tsv,SRX6979864
/shared/mirnapro/upload/id4JWV03B5FZMSNR2/bench/SRX6980039/seedExpression.tsv,SRX6980039
/shared/mirnapro/upload/id4JWV03B5FZMSNR2/bench/SRX6980296/seedExpression.tsv,SRX6980296
/shared/mirnapro/upload/id4JWV03B5FZMSNR2/bench/SRX6979536/seedExpression.tsv,SRX6979536
/shared/mirnapro/upload/id4JWV03B5FZMSNR2/bench/SRX6980036/seedExpression.tsv,SRX6980036
/shared/mirnapro/upload/id4JWV03B5FZMSNR2/bench/SRX6979521/seedExpression.tsv,SRX6979521
/shared/mirnapro/upload/id4JWV03B5FZMSNR2/bench/SRX6980107/seedExpression.tsv,SRX6980107
/shared/mirnapro/upload/id4JWV03B5FZMSNR2/bench/SRX6980055/seedExpression.tsv,SRX6980055
/shared/mirnapro/upload/id4JWV03B5FZMSNR2/bench/SRX6979667/seedExpression.tsv,SRX6979667
/shared/mirnapro/upload/id4JWV03B5FZMSNR2/bench/SRX6980110/seedExpression.tsv,SRX6980110
/shared/mirnapro/upload/id4JWV03B5FZMSNR2/bench/SRX6979554/seedExpression.tsv,SRX6979554
/shared/mirnapro/upload/id4JWV03B5FZMSNR2/bench/SRX6980257/seedExpression.tsv,SRX6980257
/shared/mirnapro/upload/id4JWV03B5FZMSNR2/bench/SRX6979940/seedExpression.tsv,SRX6979940
/shared/mirnapro/upload/id4JWV03B5FZMSNR2/bench/SRX6979879/seedExpression.tsv,SRX6979879
/shared/mirnapro/upload/id4JWV03B5FZMSNR2/bench/SRX6979616/seedExpression.tsv,SRX6979616
/shared/mirnapro/upload/id4JWV03B5FZMSNR2/bench/SRX6980123/seedExpression.tsv,SRX6980123
/shared/mirnapro/upload/id4JWV03B5FZMSNR2/bench/SRX6979613/seedExpression.tsv,SRX6979613
/shared/mirnapro/upload/id4JWV03B5FZMSNR2/bench/SRX6979956/seedExpression.tsv,SRX6979956
/shared/mirnapro/upload/id4JWV03B5FZMSNR2/bench/SRX6980353/seedExpression.tsv,SRX6980353
/shared/mirnapro/upload/id4JWV03B5FZMSNR2/bench/SRX6979584/seedExpression.tsv,SRX6979584
/shared/mirnapro/upload/id4JWV03B5FZMSNR2/bench/SRX6979661/seedExpression.tsv,SRX6979661
/shared/mirnapro/upload/id4JWV03B5FZMSNR2/bench/SRX6980017/seedExpression.tsv,SRX6980017
/shared/mirnapro/upload/id4JWV03B5FZMSNR2/bench/SRX6980187/seedExpression.tsv,SRX6980187
/shared/mirnapro/upload/id4JWV03B5FZMSNR2/bench/SRX6980278/seedExpression.tsv,SRX6980278
/shared/mirnapro/upload/id4JWV03B5FZMSNR2/bench/SRX6980083/seedExpression.tsv,SRX6980083
/shared/mirnapro/upload/id4JWV03B5FZMSNR2/bench/SRX6979530/seedExpression.tsv,SRX6979530
/shared/mirnapro/upload/id4JWV03B5FZMSNR2/bench/SRX6980073/seedExpression.tsv,SRX6980073
/shared/mirnapro/upload/id4JWV03B5FZMSNR2/bench/SRX6979894/seedExpression.tsv,SRX6979894
/shared/mirnapro/upload/id4JWV03B5FZMSNR2/bench/SRX6979977/seedExpression.tsv,SRX6979977
/shared/mirnapro/upload/id4JWV03B5FZMSNR2/bench/SRX6979962/seedExpression.tsv,SRX6979962
/shared/mirnapro/upload/id4JWV03B5FZMSNR2/bench/SRX6980120/seedExpression.tsv,SRX6980120
/shared/mirnapro/upload/id4JWV03B5FZMSNR2/bench/SRX6979990/seedExpression.tsv,SRX6979990
/shared/mirnapro/upload/id4JWV03B5FZMSNR2/bench/SRX6979685/seedExpression.tsv,SRX6979685
/shared/mirnapro/upload/id4JWV03B5FZMSNR2/bench/SRX6979578/seedExpression.tsv,SRX6979578
/shared/mirnapro/upload/id4JWV03B5FZMSNR2/bench/SRX6980169/seedExpression.tsv,SRX6980169
/shared/mirnapro/upload/id4JWV03B5FZMSNR2/bench/SRX6979819/seedExpression.tsv,SRX6979819
/shared/mirnapro/upload/id4JWV03B5FZMSNR2/bench/SRX6980383/seedExpression.tsv,SRX6980383
/shared/mirnapro/upload/id4JWV03B5FZMSNR2/bench/SRX6980190/seedExpression.tsv,SRX6980190
/shared/mirnapro/upload/id4JWV03B5FZMSNR2/bench/SRX6979625/seedExpression.tsv,SRX6979625
/shared/mirnapro/upload/id4JWV03B5FZMSNR2/bench/SRX6979599/seedExpression.tsv,SRX6979599
/shared/mirnapro/upload/id4JWV03B5FZMSNR2/bench/SRX6980197/seedExpression.tsv,SRX6980197
/shared/mirnapro/upload/id4JWV03B5FZMSNR2/bench/SRX6979551/seedExpression.tsv,SRX6979551
/shared/mirnapro/upload/id4JWV03B5FZMSNR2/bench/SRX6979924/seedExpression.tsv,SRX6979924
/shared/mirnapro/upload/id4JWV03B5FZMSNR2/bench/SRX6979933/seedExpression.tsv,SRX6979933
/shared/mirnapro/upload/id4JWV03B5FZMSNR2/bench/SRX6979783/seedExpression.tsv,SRX6979783
/shared/mirnapro/upload/id4JWV03B5FZMSNR2/bench/SRX6979757/seedExpression.tsv,SRX6979757
/shared/mirnapro/upload/id4JWV03B5FZMSNR2/bench/SRX6979670/seedExpression.tsv,SRX6979670
