file,name
/shared/miSRA/upload/idFR4D8XQ85WJDL96/bench/SRX1130454/NC_001802/NC_001802.1_perPosition.tsv,SRX1130454
/shared/miSRA/upload/idFR4D8XQ85WJDL96/bench/ERX3503479/NC_001802/NC_001802.1_perPosition.tsv,ERX3503479
/shared/miSRA/upload/idFR4D8XQ85WJDL96/bench/SRX1130456/NC_001802/NC_001802.1_perPosition.tsv,SRX1130456
/shared/miSRA/upload/idFR4D8XQ85WJDL96/bench/SRX1130465/NC_001802/NC_001802.1_perPosition.tsv,SRX1130465
/shared/miSRA/upload/idFR4D8XQ85WJDL96/bench/SRX1130457/NC_001802/NC_001802.1_perPosition.tsv,SRX1130457
/shared/miSRA/upload/idFR4D8XQ85WJDL96/bench/SRX3367918/NC_001802/NC_001802.1_perPosition.tsv,SRX3367918
/shared/miSRA/upload/idFR4D8XQ85WJDL96/bench/SRX7649169/NC_001802/NC_001802.1_perPosition.tsv,SRX7649169
/shared/miSRA/upload/idFR4D8XQ85WJDL96/bench/SRX1130492/NC_001802/NC_001802.1_perPosition.tsv,SRX1130492
/shared/miSRA/upload/idFR4D8XQ85WJDL96/bench/SRX3367919/NC_001802/NC_001802.1_perPosition.tsv,SRX3367919
/shared/miSRA/upload/idFR4D8XQ85WJDL96/bench/ERX3988324/NC_001802/NC_001802.1_perPosition.tsv,ERX3988324
/shared/miSRA/upload/idFR4D8XQ85WJDL96/bench/ERX3988313/NC_001802/NC_001802.1_perPosition.tsv,ERX3988313
/shared/miSRA/upload/idFR4D8XQ85WJDL96/bench/SRX546032/NC_001802/NC_001802.1_perPosition.tsv,SRX546032
/shared/miSRA/upload/idFR4D8XQ85WJDL96/bench/SRX1045016/NC_001802/NC_001802.1_perPosition.tsv,SRX1045016
/shared/miSRA/upload/idFR4D8XQ85WJDL96/bench/SRX1130490/NC_001802/NC_001802.1_perPosition.tsv,SRX1130490
/shared/miSRA/upload/idFR4D8XQ85WJDL96/bench/SRX3154231/NC_001802/NC_001802.1_perPosition.tsv,SRX3154231
/shared/miSRA/upload/idFR4D8XQ85WJDL96/bench/SRX546016/NC_001802/NC_001802.1_perPosition.tsv,SRX546016
/shared/miSRA/upload/idFR4D8XQ85WJDL96/bench/ERX3988308/NC_001802/NC_001802.1_perPosition.tsv,ERX3988308
/shared/miSRA/upload/idFR4D8XQ85WJDL96/bench/SRX1130470/NC_001802/NC_001802.1_perPosition.tsv,SRX1130470
/shared/miSRA/upload/idFR4D8XQ85WJDL96/bench/SRX1130460/NC_001802/NC_001802.1_perPosition.tsv,SRX1130460
/shared/miSRA/upload/idFR4D8XQ85WJDL96/bench/SRX1130468/NC_001802/NC_001802.1_perPosition.tsv,SRX1130468
/shared/miSRA/upload/idFR4D8XQ85WJDL96/bench/SRX4081212/NC_001802/NC_001802.1_perPosition.tsv,SRX4081212
/shared/miSRA/upload/idFR4D8XQ85WJDL96/bench/SRX2349198/NC_001802/NC_001802.1_perPosition.tsv,SRX2349198
/shared/miSRA/upload/idFR4D8XQ85WJDL96/bench/ERX3988309/NC_001802/NC_001802.1_perPosition.tsv,ERX3988309
/shared/miSRA/upload/idFR4D8XQ85WJDL96/bench/SRX3154228/NC_001802/NC_001802.1_perPosition.tsv,SRX3154228
/shared/miSRA/upload/idFR4D8XQ85WJDL96/bench/ERX3503483/NC_001802/NC_001802.1_perPosition.tsv,ERX3503483
/shared/miSRA/upload/idFR4D8XQ85WJDL96/bench/SRX4520756/NC_001802/NC_001802.1_perPosition.tsv,SRX4520756
/shared/miSRA/upload/idFR4D8XQ85WJDL96/bench/SRX1130452/NC_001802/NC_001802.1_perPosition.tsv,SRX1130452
/shared/miSRA/upload/idFR4D8XQ85WJDL96/bench/SRX546033/NC_001802/NC_001802.1_perPosition.tsv,SRX546033
/shared/miSRA/upload/idFR4D8XQ85WJDL96/bench/SRX1735461/NC_001802/NC_001802.1_perPosition.tsv,SRX1735461
/shared/miSRA/upload/idFR4D8XQ85WJDL96/bench/SRX666570/NC_001802/NC_001802.1_perPosition.tsv,SRX666570
/shared/miSRA/upload/idFR4D8XQ85WJDL96/bench/SRX1130496/NC_001802/NC_001802.1_perPosition.tsv,SRX1130496
/shared/miSRA/upload/idFR4D8XQ85WJDL96/bench/SRX1130501/NC_001802/NC_001802.1_perPosition.tsv,SRX1130501
/shared/miSRA/upload/idFR4D8XQ85WJDL96/bench/SRX5492850/NC_001802/NC_001802.1_perPosition.tsv,SRX5492850
/shared/miSRA/upload/idFR4D8XQ85WJDL96/bench/SRX3154230/NC_001802/NC_001802.1_perPosition.tsv,SRX3154230
/shared/miSRA/upload/idFR4D8XQ85WJDL96/bench/SRX1130459/NC_001802/NC_001802.1_perPosition.tsv,SRX1130459
/shared/miSRA/upload/idFR4D8XQ85WJDL96/bench/SRX9029128/NC_001802/NC_001802.1_perPosition.tsv,SRX9029128
/shared/miSRA/upload/idFR4D8XQ85WJDL96/bench/SRX666579/NC_001802/NC_001802.1_perPosition.tsv,SRX666579
/shared/miSRA/upload/idFR4D8XQ85WJDL96/bench/SRX807046/NC_001802/NC_001802.1_perPosition.tsv,SRX807046
/shared/miSRA/upload/idFR4D8XQ85WJDL96/bench/SRX4081213/NC_001802/NC_001802.1_perPosition.tsv,SRX4081213
/shared/miSRA/upload/idFR4D8XQ85WJDL96/bench/SRX1735462/NC_001802/NC_001802.1_perPosition.tsv,SRX1735462
/shared/miSRA/upload/idFR4D8XQ85WJDL96/bench/SRX546015/NC_001802/NC_001802.1_perPosition.tsv,SRX546015
/shared/miSRA/upload/idFR4D8XQ85WJDL96/bench/ERX3988323/NC_001802/NC_001802.1_perPosition.tsv,ERX3988323
/shared/miSRA/upload/idFR4D8XQ85WJDL96/bench/ERX3988325/NC_001802/NC_001802.1_perPosition.tsv,ERX3988325
/shared/miSRA/upload/idFR4D8XQ85WJDL96/bench/SRX546024/NC_001802/NC_001802.1_perPosition.tsv,SRX546024
/shared/miSRA/upload/idFR4D8XQ85WJDL96/bench/SRX1130506/NC_001802/NC_001802.1_perPosition.tsv,SRX1130506
/shared/miSRA/upload/idFR4D8XQ85WJDL96/bench/SRX1130471/NC_001802/NC_001802.1_perPosition.tsv,SRX1130471
/shared/miSRA/upload/idFR4D8XQ85WJDL96/bench/SRX1100709/NC_001802/NC_001802.1_perPosition.tsv,SRX1100709
/shared/miSRA/upload/idFR4D8XQ85WJDL96/bench/SRX1130451/NC_001802/NC_001802.1_perPosition.tsv,SRX1130451
/shared/miSRA/upload/idFR4D8XQ85WJDL96/bench/SRX1130504/NC_001802/NC_001802.1_perPosition.tsv,SRX1130504
/shared/miSRA/upload/idFR4D8XQ85WJDL96/bench/SRX4520757/NC_001802/NC_001802.1_perPosition.tsv,SRX4520757
/shared/miSRA/upload/idFR4D8XQ85WJDL96/bench/ERX3988322/NC_001802/NC_001802.1_perPosition.tsv,ERX3988322
/shared/miSRA/upload/idFR4D8XQ85WJDL96/bench/SRX666577/NC_001802/NC_001802.1_perPosition.tsv,SRX666577
/shared/miSRA/upload/idFR4D8XQ85WJDL96/bench/SRX1130455/NC_001802/NC_001802.1_perPosition.tsv,SRX1130455
/shared/miSRA/upload/idFR4D8XQ85WJDL96/bench/SRX2349197/NC_001802/NC_001802.1_perPosition.tsv,SRX2349197
/shared/miSRA/upload/idFR4D8XQ85WJDL96/bench/SRX666576/NC_001802/NC_001802.1_perPosition.tsv,SRX666576
/shared/miSRA/upload/idFR4D8XQ85WJDL96/bench/SRX157655/NC_001802/NC_001802.1_perPosition.tsv,SRX157655
/shared/miSRA/upload/idFR4D8XQ85WJDL96/bench/SRX546017/NC_001802/NC_001802.1_perPosition.tsv,SRX546017
/shared/miSRA/upload/idFR4D8XQ85WJDL96/bench/SRX666574/NC_001802/NC_001802.1_perPosition.tsv,SRX666574
/shared/miSRA/upload/idFR4D8XQ85WJDL96/bench/SRX3154229/NC_001802/NC_001802.1_perPosition.tsv,SRX3154229
/shared/miSRA/upload/idFR4D8XQ85WJDL96/bench/SRX1130491/NC_001802/NC_001802.1_perPosition.tsv,SRX1130491
/shared/miSRA/upload/idFR4D8XQ85WJDL96/bench/SRX1130500/NC_001802/NC_001802.1_perPosition.tsv,SRX1130500
/shared/miSRA/upload/idFR4D8XQ85WJDL96/bench/SRX1130462/NC_001802/NC_001802.1_perPosition.tsv,SRX1130462
/shared/miSRA/upload/idFR4D8XQ85WJDL96/bench/SRX3367920/NC_001802/NC_001802.1_perPosition.tsv,SRX3367920
/shared/miSRA/upload/idFR4D8XQ85WJDL96/bench/ERX3988312/NC_001802/NC_001802.1_perPosition.tsv,ERX3988312
/shared/miSRA/upload/idFR4D8XQ85WJDL96/bench/SRX1130507/NC_001802/NC_001802.1_perPosition.tsv,SRX1130507
/shared/miSRA/upload/idFR4D8XQ85WJDL96/bench/SRX1130464/NC_001802/NC_001802.1_perPosition.tsv,SRX1130464
/shared/miSRA/upload/idFR4D8XQ85WJDL96/bench/SRX1130503/NC_001802/NC_001802.1_perPosition.tsv,SRX1130503
/shared/miSRA/upload/idFR4D8XQ85WJDL96/bench/SRX1093014/NC_001802/NC_001802.1_perPosition.tsv,SRX1093014
/shared/miSRA/upload/idFR4D8XQ85WJDL96/bench/SRX1130461/NC_001802/NC_001802.1_perPosition.tsv,SRX1130461
/shared/miSRA/upload/idFR4D8XQ85WJDL96/bench/SRX1130467/NC_001802/NC_001802.1_perPosition.tsv,SRX1130467
/shared/miSRA/upload/idFR4D8XQ85WJDL96/bench/ERX3503481/NC_001802/NC_001802.1_perPosition.tsv,ERX3503481
/shared/miSRA/upload/idFR4D8XQ85WJDL96/bench/SRX1100710/NC_001802/NC_001802.1_perPosition.tsv,SRX1100710
/shared/miSRA/upload/idFR4D8XQ85WJDL96/bench/SRX1735466/NC_001802/NC_001802.1_perPosition.tsv,SRX1735466
/shared/miSRA/upload/idFR4D8XQ85WJDL96/bench/SRX3154227/NC_001802/NC_001802.1_perPosition.tsv,SRX3154227
/shared/miSRA/upload/idFR4D8XQ85WJDL96/bench/SRX1735465/NC_001802/NC_001802.1_perPosition.tsv,SRX1735465
/shared/miSRA/upload/idFR4D8XQ85WJDL96/bench/SRX1130463/NC_001802/NC_001802.1_perPosition.tsv,SRX1130463
/shared/miSRA/upload/idFR4D8XQ85WJDL96/bench/SRX7649168/NC_001802/NC_001802.1_perPosition.tsv,SRX7649168
/shared/miSRA/upload/idFR4D8XQ85WJDL96/bench/SRX8564783/NC_001802/NC_001802.1_perPosition.tsv,SRX8564783
/shared/miSRA/upload/idFR4D8XQ85WJDL96/bench/SRX1130466/NC_001802/NC_001802.1_perPosition.tsv,SRX1130466
/shared/miSRA/upload/idFR4D8XQ85WJDL96/bench/SRX7421974/NC_001802/NC_001802.1_perPosition.tsv,SRX7421974
/shared/miSRA/upload/idFR4D8XQ85WJDL96/bench/SRX7649167/NC_001802/NC_001802.1_perPosition.tsv,SRX7649167
/shared/miSRA/upload/idFR4D8XQ85WJDL96/bench/ERX3988320/NC_001802/NC_001802.1_perPosition.tsv,ERX3988320
/shared/miSRA/upload/idFR4D8XQ85WJDL96/bench/SRX1130458/NC_001802/NC_001802.1_perPosition.tsv,SRX1130458
/shared/miSRA/upload/idFR4D8XQ85WJDL96/bench/SRX546026/NC_001802/NC_001802.1_perPosition.tsv,SRX546026
/shared/miSRA/upload/idFR4D8XQ85WJDL96/bench/SRX1130469/NC_001802/NC_001802.1_perPosition.tsv,SRX1130469
/shared/miSRA/upload/idFR4D8XQ85WJDL96/bench/SRX1130453/NC_001802/NC_001802.1_perPosition.tsv,SRX1130453
/shared/miSRA/upload/idFR4D8XQ85WJDL96/bench/ERX3988310/NC_001802/NC_001802.1_perPosition.tsv,ERX3988310
/shared/miSRA/upload/idFR4D8XQ85WJDL96/bench/SRX1130505/NC_001802/NC_001802.1_perPosition.tsv,SRX1130505
/shared/miSRA/upload/idFR4D8XQ85WJDL96/bench/SRX1130499/NC_001802/NC_001802.1_perPosition.tsv,SRX1130499
/shared/miSRA/upload/idFR4D8XQ85WJDL96/bench/SRX546025/NC_001802/NC_001802.1_perPosition.tsv,SRX546025
/shared/miSRA/upload/idFR4D8XQ85WJDL96/bench/SRX9029119/NC_001802/NC_001802.1_perPosition.tsv,SRX9029119
/shared/miSRA/upload/idFR4D8XQ85WJDL96/bench/SRX1093013/NC_001802/NC_001802.1_perPosition.tsv,SRX1093013
/shared/miSRA/upload/idFR4D8XQ85WJDL96/bench/SRX546034/NC_001802/NC_001802.1_perPosition.tsv,SRX546034
/shared/miSRA/upload/idFR4D8XQ85WJDL96/bench/SRX2349196/NC_001802/NC_001802.1_perPosition.tsv,SRX2349196
/shared/miSRA/upload/idFR4D8XQ85WJDL96/bench/SRX2349199/NC_001802/NC_001802.1_perPosition.tsv,SRX2349199
/shared/miSRA/upload/idFR4D8XQ85WJDL96/bench/SRX7649166/NC_001802/NC_001802.1_perPosition.tsv,SRX7649166
/shared/miSRA/upload/idFR4D8XQ85WJDL96/bench/SRX326627/NC_001802/NC_001802.1_perPosition.tsv,SRX326627
/shared/miSRA/upload/idFR4D8XQ85WJDL96/bench/SRX1130489/NC_001802/NC_001802.1_perPosition.tsv,SRX1130489
/shared/miSRA/upload/idFR4D8XQ85WJDL96/bench/SRX1093011/NC_001802/NC_001802.1_perPosition.tsv,SRX1093011
