file,name
/shared/miSRA/upload/idJMD7Y8LH5DJEHBA/bench/SRX6979769/mature_sense.grouped,SRX6979769
/shared/miSRA/upload/idJMD7Y8LH5DJEHBA/bench/SRX6980254/mature_sense.grouped,SRX6980254
/shared/miSRA/upload/idJMD7Y8LH5DJEHBA/bench/SRX6980076/mature_sense.grouped,SRX6980076
/shared/miSRA/upload/idJMD7Y8LH5DJEHBA/bench/SRX6979700/mature_sense.grouped,SRX6979700
/shared/miSRA/upload/idJMD7Y8LH5DJEHBA/bench/SRX6979849/mature_sense.grouped,SRX6979849
/shared/miSRA/upload/idJMD7Y8LH5DJEHBA/bench/SRX6979661/mature_sense.grouped,SRX6979661
/shared/miSRA/upload/idJMD7Y8LH5DJEHBA/bench/SRX6980200/mature_sense.grouped,SRX6980200
/shared/miSRA/upload/idJMD7Y8LH5DJEHBA/bench/SRX6979959/mature_sense.grouped,SRX6979959
/shared/miSRA/upload/idJMD7Y8LH5DJEHBA/bench/SRX6980281/mature_sense.grouped,SRX6980281
/shared/miSRA/upload/idJMD7Y8LH5DJEHBA/bench/SRX6979679/mature_sense.grouped,SRX6979679
/shared/miSRA/upload/idJMD7Y8LH5DJEHBA/bench/SRX6980014/mature_sense.grouped,SRX6980014
/shared/miSRA/upload/idJMD7Y8LH5DJEHBA/bench/SRX6979524/mature_sense.grouped,SRX6979524
/shared/miSRA/upload/idJMD7Y8LH5DJEHBA/bench/SRX6980147/mature_sense.grouped,SRX6980147
/shared/miSRA/upload/idJMD7Y8LH5DJEHBA/bench/SRX6979775/mature_sense.grouped,SRX6979775
/shared/miSRA/upload/idJMD7Y8LH5DJEHBA/bench/SRX6980272/mature_sense.grouped,SRX6980272
/shared/miSRA/upload/idJMD7Y8LH5DJEHBA/bench/SRX6979578/mature_sense.grouped,SRX6979578
/shared/miSRA/upload/idJMD7Y8LH5DJEHBA/bench/SRX6980368/mature_sense.grouped,SRX6980368
/shared/miSRA/upload/idJMD7Y8LH5DJEHBA/bench/SRX6979685/mature_sense.grouped,SRX6979685
/shared/miSRA/upload/idJMD7Y8LH5DJEHBA/bench/SRX6979949/mature_sense.grouped,SRX6979949
/shared/miSRA/upload/idJMD7Y8LH5DJEHBA/bench/SRX6979870/mature_sense.grouped,SRX6979870
/shared/miSRA/upload/idJMD7Y8LH5DJEHBA/bench/SRX6979843/mature_sense.grouped,SRX6979843
/shared/miSRA/upload/idJMD7Y8LH5DJEHBA/bench/SRX6979613/mature_sense.grouped,SRX6979613
/shared/miSRA/upload/idJMD7Y8LH5DJEHBA/bench/SRX6979670/mature_sense.grouped,SRX6979670
/shared/miSRA/upload/idJMD7Y8LH5DJEHBA/bench/SRX6980266/mature_sense.grouped,SRX6980266
/shared/miSRA/upload/idJMD7Y8LH5DJEHBA/bench/SRX6979676/mature_sense.grouped,SRX6979676
/shared/miSRA/upload/idJMD7Y8LH5DJEHBA/bench/SRX6979897/mature_sense.grouped,SRX6979897
/shared/miSRA/upload/idJMD7Y8LH5DJEHBA/bench/SRX6979682/mature_sense.grouped,SRX6979682
/shared/miSRA/upload/idJMD7Y8LH5DJEHBA/bench/SRX6980120/mature_sense.grouped,SRX6980120
/shared/miSRA/upload/idJMD7Y8LH5DJEHBA/bench/SRX6979625/mature_sense.grouped,SRX6979625
/shared/miSRA/upload/idJMD7Y8LH5DJEHBA/bench/SRX6979987/mature_sense.grouped,SRX6979987
/shared/miSRA/upload/idJMD7Y8LH5DJEHBA/bench/SRX6979575/mature_sense.grouped,SRX6979575
/shared/miSRA/upload/idJMD7Y8LH5DJEHBA/bench/SRX6980166/mature_sense.grouped,SRX6980166
/shared/miSRA/upload/idJMD7Y8LH5DJEHBA/bench/SRX6980184/mature_sense.grouped,SRX6980184
/shared/miSRA/upload/idJMD7Y8LH5DJEHBA/bench/SRX6979584/mature_sense.grouped,SRX6979584
/shared/miSRA/upload/idJMD7Y8LH5DJEHBA/bench/SRX6980353/mature_sense.grouped,SRX6980353
/shared/miSRA/upload/idJMD7Y8LH5DJEHBA/bench/SRX6979822/mature_sense.grouped,SRX6979822
/shared/miSRA/upload/idJMD7Y8LH5DJEHBA/bench/SRX6980230/mature_sense.grouped,SRX6980230
/shared/miSRA/upload/idJMD7Y8LH5DJEHBA/bench/SRX6979721/mature_sense.grouped,SRX6979721
/shared/miSRA/upload/idJMD7Y8LH5DJEHBA/bench/SRX6980064/mature_sense.grouped,SRX6980064
/shared/miSRA/upload/idJMD7Y8LH5DJEHBA/bench/SRX6980011/mature_sense.grouped,SRX6980011
/shared/miSRA/upload/idJMD7Y8LH5DJEHBA/bench/SRX6979527/mature_sense.grouped,SRX6979527
/shared/miSRA/upload/idJMD7Y8LH5DJEHBA/bench/SRX6979545/mature_sense.grouped,SRX6979545
/shared/miSRA/upload/idJMD7Y8LH5DJEHBA/bench/SRX6980335/mature_sense.grouped,SRX6980335
/shared/miSRA/upload/idJMD7Y8LH5DJEHBA/bench/SRX6979563/mature_sense.grouped,SRX6979563
/shared/miSRA/upload/idJMD7Y8LH5DJEHBA/bench/SRX6979940/mature_sense.grouped,SRX6979940
/shared/miSRA/upload/idJMD7Y8LH5DJEHBA/bench/SRX6980129/mature_sense.grouped,SRX6980129
/shared/miSRA/upload/idJMD7Y8LH5DJEHBA/bench/SRX6979739/mature_sense.grouped,SRX6979739
/shared/miSRA/upload/idJMD7Y8LH5DJEHBA/bench/SRX6979873/mature_sense.grouped,SRX6979873
/shared/miSRA/upload/idJMD7Y8LH5DJEHBA/bench/SRX6979510/mature_sense.grouped,SRX6979510
/shared/miSRA/upload/idJMD7Y8LH5DJEHBA/bench/SRX6980338/mature_sense.grouped,SRX6980338
/shared/miSRA/upload/idJMD7Y8LH5DJEHBA/bench/SRX6980209/mature_sense.grouped,SRX6980209
/shared/miSRA/upload/idJMD7Y8LH5DJEHBA/bench/SRX6979637/mature_sense.grouped,SRX6979637
/shared/miSRA/upload/idJMD7Y8LH5DJEHBA/bench/SRX6979593/mature_sense.grouped,SRX6979593
/shared/miSRA/upload/idJMD7Y8LH5DJEHBA/bench/SRX6980296/mature_sense.grouped,SRX6980296
/shared/miSRA/upload/idJMD7Y8LH5DJEHBA/bench/SRX6979781/mature_sense.grouped,SRX6979781
/shared/miSRA/upload/idJMD7Y8LH5DJEHBA/bench/SRX6980058/mature_sense.grouped,SRX6980058
/shared/miSRA/upload/idJMD7Y8LH5DJEHBA/bench/SRX6980260/mature_sense.grouped,SRX6980260
/shared/miSRA/upload/idJMD7Y8LH5DJEHBA/bench/SRX6979542/mature_sense.grouped,SRX6979542
/shared/miSRA/upload/idJMD7Y8LH5DJEHBA/bench/SRX6980386/mature_sense.grouped,SRX6980386
/shared/miSRA/upload/idJMD7Y8LH5DJEHBA/bench/SRX6980123/mature_sense.grouped,SRX6980123
/shared/miSRA/upload/idJMD7Y8LH5DJEHBA/bench/SRX6979825/mature_sense.grouped,SRX6979825
/shared/miSRA/upload/idJMD7Y8LH5DJEHBA/bench/SRX6979894/mature_sense.grouped,SRX6979894
/shared/miSRA/upload/idJMD7Y8LH5DJEHBA/bench/SRX6980257/mature_sense.grouped,SRX6980257
/shared/miSRA/upload/idJMD7Y8LH5DJEHBA/bench/SRX6979581/mature_sense.grouped,SRX6979581
/shared/miSRA/upload/idJMD7Y8LH5DJEHBA/bench/SRX6980224/mature_sense.grouped,SRX6980224
/shared/miSRA/upload/idJMD7Y8LH5DJEHBA/bench/SRX6980169/mature_sense.grouped,SRX6980169
/shared/miSRA/upload/idJMD7Y8LH5DJEHBA/bench/SRX6980347/mature_sense.grouped,SRX6980347
/shared/miSRA/upload/idJMD7Y8LH5DJEHBA/bench/SRX6980086/mature_sense.grouped,SRX6980086
/shared/miSRA/upload/idJMD7Y8LH5DJEHBA/bench/SRX6979974/mature_sense.grouped,SRX6979974
/shared/miSRA/upload/idJMD7Y8LH5DJEHBA/bench/SRX6979757/mature_sense.grouped,SRX6979757
/shared/miSRA/upload/idJMD7Y8LH5DJEHBA/bench/SRX6980293/mature_sense.grouped,SRX6980293
/shared/miSRA/upload/idJMD7Y8LH5DJEHBA/bench/SRX6979891/mature_sense.grouped,SRX6979891
/shared/miSRA/upload/idJMD7Y8LH5DJEHBA/bench/SRX6980212/mature_sense.grouped,SRX6980212
/shared/miSRA/upload/idJMD7Y8LH5DJEHBA/bench/SRX6980005/mature_sense.grouped,SRX6980005
/shared/miSRA/upload/idJMD7Y8LH5DJEHBA/bench/SRX6980021/mature_sense.grouped,SRX6980021
/shared/miSRA/upload/idJMD7Y8LH5DJEHBA/bench/SRX6979706/mature_sense.grouped,SRX6979706
/shared/miSRA/upload/idJMD7Y8LH5DJEHBA/bench/SRX6980203/mature_sense.grouped,SRX6980203
/shared/miSRA/upload/idJMD7Y8LH5DJEHBA/bench/SRX6979986/mature_sense.grouped,SRX6979986
/shared/miSRA/upload/idJMD7Y8LH5DJEHBA/bench/SRX6979910/mature_sense.grouped,SRX6979910
/shared/miSRA/upload/idJMD7Y8LH5DJEHBA/bench/SRX6979819/mature_sense.grouped,SRX6979819
/shared/miSRA/upload/idJMD7Y8LH5DJEHBA/bench/SRX6980218/mature_sense.grouped,SRX6980218
/shared/miSRA/upload/idJMD7Y8LH5DJEHBA/bench/SRX6980181/mature_sense.grouped,SRX6980181
/shared/miSRA/upload/idJMD7Y8LH5DJEHBA/bench/SRX6979831/mature_sense.grouped,SRX6979831
/shared/miSRA/upload/idJMD7Y8LH5DJEHBA/bench/SRX6980144/mature_sense.grouped,SRX6980144
/shared/miSRA/upload/idJMD7Y8LH5DJEHBA/bench/SRX6979742/mature_sense.grouped,SRX6979742
/shared/miSRA/upload/idJMD7Y8LH5DJEHBA/bench/SRX6980112/mature_sense.grouped,SRX6980112
/shared/miSRA/upload/idJMD7Y8LH5DJEHBA/bench/SRX6979996/mature_sense.grouped,SRX6979996
/shared/miSRA/upload/idJMD7Y8LH5DJEHBA/bench/SRX6979852/mature_sense.grouped,SRX6979852
/shared/miSRA/upload/idJMD7Y8LH5DJEHBA/bench/SRX6980138/mature_sense.grouped,SRX6980138
/shared/miSRA/upload/idJMD7Y8LH5DJEHBA/bench/SRX6979587/mature_sense.grouped,SRX6979587
/shared/miSRA/upload/idJMD7Y8LH5DJEHBA/bench/SRX6979952/mature_sense.grouped,SRX6979952
/shared/miSRA/upload/idJMD7Y8LH5DJEHBA/bench/SRX6980365/mature_sense.grouped,SRX6980365
/shared/miSRA/upload/idJMD7Y8LH5DJEHBA/bench/SRX6979907/mature_sense.grouped,SRX6979907
/shared/miSRA/upload/idJMD7Y8LH5DJEHBA/bench/SRX6979533/mature_sense.grouped,SRX6979533
/shared/miSRA/upload/idJMD7Y8LH5DJEHBA/bench/SRX6979709/mature_sense.grouped,SRX6979709
/shared/miSRA/upload/idJMD7Y8LH5DJEHBA/bench/SRX6979999/mature_sense.grouped,SRX6979999
/shared/miSRA/upload/idJMD7Y8LH5DJEHBA/bench/SRX6979652/mature_sense.grouped,SRX6979652
/shared/miSRA/upload/idJMD7Y8LH5DJEHBA/bench/SRX6980008/mature_sense.grouped,SRX6980008
/shared/miSRA/upload/idJMD7Y8LH5DJEHBA/bench/SRX6979801/mature_sense.grouped,SRX6979801
/shared/miSRA/upload/idJMD7Y8LH5DJEHBA/bench/SRX6980082/mature_sense.grouped,SRX6980082
/shared/miSRA/upload/idJMD7Y8LH5DJEHBA/bench/SRX6979628/mature_sense.grouped,SRX6979628
/shared/miSRA/upload/idJMD7Y8LH5DJEHBA/bench/SRX6979748/mature_sense.grouped,SRX6979748
/shared/miSRA/upload/idJMD7Y8LH5DJEHBA/bench/SRX6979733/mature_sense.grouped,SRX6979733
/shared/miSRA/upload/idJMD7Y8LH5DJEHBA/bench/SRX6980150/mature_sense.grouped,SRX6980150
/shared/miSRA/upload/idJMD7Y8LH5DJEHBA/bench/SRX6980302/mature_sense.grouped,SRX6980302
/shared/miSRA/upload/idJMD7Y8LH5DJEHBA/bench/SRX6980095/mature_sense.grouped,SRX6980095
/shared/miSRA/upload/idJMD7Y8LH5DJEHBA/bench/SRX6980159/mature_sense.grouped,SRX6980159
/shared/miSRA/upload/idJMD7Y8LH5DJEHBA/bench/SRX6979924/mature_sense.grouped,SRX6979924
/shared/miSRA/upload/idJMD7Y8LH5DJEHBA/bench/SRX6979634/mature_sense.grouped,SRX6979634
/shared/miSRA/upload/idJMD7Y8LH5DJEHBA/bench/SRX6979608/mature_sense.grouped,SRX6979608
/shared/miSRA/upload/idJMD7Y8LH5DJEHBA/bench/SRX6980036/mature_sense.grouped,SRX6980036
/shared/miSRA/upload/idJMD7Y8LH5DJEHBA/bench/SRX6979727/mature_sense.grouped,SRX6979727
/shared/miSRA/upload/idJMD7Y8LH5DJEHBA/bench/SRX6979691/mature_sense.grouped,SRX6979691
/shared/miSRA/upload/idJMD7Y8LH5DJEHBA/bench/SRX6979816/mature_sense.grouped,SRX6979816
/shared/miSRA/upload/idJMD7Y8LH5DJEHBA/bench/SRX6979876/mature_sense.grouped,SRX6979876
/shared/miSRA/upload/idJMD7Y8LH5DJEHBA/bench/SRX6979504/mature_sense.grouped,SRX6979504
/shared/miSRA/upload/idJMD7Y8LH5DJEHBA/bench/SRX6980374/mature_sense.grouped,SRX6980374
/shared/miSRA/upload/idJMD7Y8LH5DJEHBA/bench/SRX6979885/mature_sense.grouped,SRX6979885
/shared/miSRA/upload/idJMD7Y8LH5DJEHBA/bench/SRX6980278/mature_sense.grouped,SRX6980278
/shared/miSRA/upload/idJMD7Y8LH5DJEHBA/bench/SRX6979646/mature_sense.grouped,SRX6979646
/shared/miSRA/upload/idJMD7Y8LH5DJEHBA/bench/SRX6980052/mature_sense.grouped,SRX6980052
/shared/miSRA/upload/idJMD7Y8LH5DJEHBA/bench/SRX6979569/mature_sense.grouped,SRX6979569
/shared/miSRA/upload/idJMD7Y8LH5DJEHBA/bench/SRX6980132/mature_sense.grouped,SRX6980132
/shared/miSRA/upload/idJMD7Y8LH5DJEHBA/bench/SRX6979760/mature_sense.grouped,SRX6979760
/shared/miSRA/upload/idJMD7Y8LH5DJEHBA/bench/SRX6980079/mature_sense.grouped,SRX6980079
/shared/miSRA/upload/idJMD7Y8LH5DJEHBA/bench/SRX6979977/mature_sense.grouped,SRX6979977
/shared/miSRA/upload/idJMD7Y8LH5DJEHBA/bench/SRX6980045/mature_sense.grouped,SRX6980045
/shared/miSRA/upload/idJMD7Y8LH5DJEHBA/bench/SRX6979596/mature_sense.grouped,SRX6979596
/shared/miSRA/upload/idJMD7Y8LH5DJEHBA/bench/SRX6980083/mature_sense.grouped,SRX6980083
/shared/miSRA/upload/idJMD7Y8LH5DJEHBA/bench/SRX6979834/mature_sense.grouped,SRX6979834
/shared/miSRA/upload/idJMD7Y8LH5DJEHBA/bench/SRX6980233/mature_sense.grouped,SRX6980233
/shared/miSRA/upload/idJMD7Y8LH5DJEHBA/bench/SRX6979649/mature_sense.grouped,SRX6979649
/shared/miSRA/upload/idJMD7Y8LH5DJEHBA/bench/SRX6980070/mature_sense.grouped,SRX6980070
/shared/miSRA/upload/idJMD7Y8LH5DJEHBA/bench/SRX6980290/mature_sense.grouped,SRX6980290
/shared/miSRA/upload/idJMD7Y8LH5DJEHBA/bench/SRX6979551/mature_sense.grouped,SRX6979551
/shared/miSRA/upload/idJMD7Y8LH5DJEHBA/bench/SRX6980311/mature_sense.grouped,SRX6980311
/shared/miSRA/upload/idJMD7Y8LH5DJEHBA/bench/SRX6979619/mature_sense.grouped,SRX6979619
/shared/miSRA/upload/idJMD7Y8LH5DJEHBA/bench/SRX6979968/mature_sense.grouped,SRX6979968
/shared/miSRA/upload/idJMD7Y8LH5DJEHBA/bench/SRX6980215/mature_sense.grouped,SRX6980215
/shared/miSRA/upload/idJMD7Y8LH5DJEHBA/bench/SRX6979730/mature_sense.grouped,SRX6979730
/shared/miSRA/upload/idJMD7Y8LH5DJEHBA/bench/SRX6979828/mature_sense.grouped,SRX6979828
/shared/miSRA/upload/idJMD7Y8LH5DJEHBA/bench/SRX6980002/mature_sense.grouped,SRX6980002
/shared/miSRA/upload/idJMD7Y8LH5DJEHBA/bench/SRX6980320/mature_sense.grouped,SRX6980320
/shared/miSRA/upload/idJMD7Y8LH5DJEHBA/bench/SRX6979938/mature_sense.grouped,SRX6979938
/shared/miSRA/upload/idJMD7Y8LH5DJEHBA/bench/SRX6980380/mature_sense.grouped,SRX6980380
/shared/miSRA/upload/idJMD7Y8LH5DJEHBA/bench/SRX6979548/mature_sense.grouped,SRX6979548
/shared/miSRA/upload/idJMD7Y8LH5DJEHBA/bench/SRX6979724/mature_sense.grouped,SRX6979724
/shared/miSRA/upload/idJMD7Y8LH5DJEHBA/bench/SRX6980197/mature_sense.grouped,SRX6980197
/shared/miSRA/upload/idJMD7Y8LH5DJEHBA/bench/SRX6980389/mature_sense.grouped,SRX6980389
/shared/miSRA/upload/idJMD7Y8LH5DJEHBA/bench/SRX6980236/mature_sense.grouped,SRX6980236
/shared/miSRA/upload/idJMD7Y8LH5DJEHBA/bench/SRX6979694/mature_sense.grouped,SRX6979694
/shared/miSRA/upload/idJMD7Y8LH5DJEHBA/bench/SRX6979888/mature_sense.grouped,SRX6979888
/shared/miSRA/upload/idJMD7Y8LH5DJEHBA/bench/SRX6980178/mature_sense.grouped,SRX6980178
/shared/miSRA/upload/idJMD7Y8LH5DJEHBA/bench/SRX6980308/mature_sense.grouped,SRX6980308
/shared/miSRA/upload/idJMD7Y8LH5DJEHBA/bench/SRX6979697/mature_sense.grouped,SRX6979697
/shared/miSRA/upload/idJMD7Y8LH5DJEHBA/bench/SRX6979655/mature_sense.grouped,SRX6979655
/shared/miSRA/upload/idJMD7Y8LH5DJEHBA/bench/SRX6980162/mature_sense.grouped,SRX6980162
/shared/miSRA/upload/idJMD7Y8LH5DJEHBA/bench/SRX6979864/mature_sense.grouped,SRX6979864
/shared/miSRA/upload/idJMD7Y8LH5DJEHBA/bench/SRX6980039/mature_sense.grouped,SRX6980039
/shared/miSRA/upload/idJMD7Y8LH5DJEHBA/bench/SRX6979712/mature_sense.grouped,SRX6979712
/shared/miSRA/upload/idJMD7Y8LH5DJEHBA/bench/SRX6979783/mature_sense.grouped,SRX6979783
/shared/miSRA/upload/idJMD7Y8LH5DJEHBA/bench/SRX6979943/mature_sense.grouped,SRX6979943
/shared/miSRA/upload/idJMD7Y8LH5DJEHBA/bench/SRX6980356/mature_sense.grouped,SRX6980356
/shared/miSRA/upload/idJMD7Y8LH5DJEHBA/bench/SRX6979813/mature_sense.grouped,SRX6979813
/shared/miSRA/upload/idJMD7Y8LH5DJEHBA/bench/SRX6979993/mature_sense.grouped,SRX6979993
/shared/miSRA/upload/idJMD7Y8LH5DJEHBA/bench/SRX6979667/mature_sense.grouped,SRX6979667
/shared/miSRA/upload/idJMD7Y8LH5DJEHBA/bench/SRX6979715/mature_sense.grouped,SRX6979715
/shared/miSRA/upload/idJMD7Y8LH5DJEHBA/bench/SRX6980332/mature_sense.grouped,SRX6980332
/shared/miSRA/upload/idJMD7Y8LH5DJEHBA/bench/SRX6979861/mature_sense.grouped,SRX6979861
/shared/miSRA/upload/idJMD7Y8LH5DJEHBA/bench/SRX6980017/mature_sense.grouped,SRX6980017
/shared/miSRA/upload/idJMD7Y8LH5DJEHBA/bench/SRX6979703/mature_sense.grouped,SRX6979703
/shared/miSRA/upload/idJMD7Y8LH5DJEHBA/bench/SRX6980098/mature_sense.grouped,SRX6980098
/shared/miSRA/upload/idJMD7Y8LH5DJEHBA/bench/SRX6980383/mature_sense.grouped,SRX6980383
/shared/miSRA/upload/idJMD7Y8LH5DJEHBA/bench/SRX6979930/mature_sense.grouped,SRX6979930
/shared/miSRA/upload/idJMD7Y8LH5DJEHBA/bench/SRX6980030/mature_sense.grouped,SRX6980030
/shared/miSRA/upload/idJMD7Y8LH5DJEHBA/bench/SRX6979766/mature_sense.grouped,SRX6979766
/shared/miSRA/upload/idJMD7Y8LH5DJEHBA/bench/SRX6980329/mature_sense.grouped,SRX6980329
/shared/miSRA/upload/idJMD7Y8LH5DJEHBA/bench/SRX6980104/mature_sense.grouped,SRX6980104
/shared/miSRA/upload/idJMD7Y8LH5DJEHBA/bench/SRX6980175/mature_sense.grouped,SRX6980175
/shared/miSRA/upload/idJMD7Y8LH5DJEHBA/bench/SRX6979554/mature_sense.grouped,SRX6979554
/shared/miSRA/upload/idJMD7Y8LH5DJEHBA/bench/SRX6979789/mature_sense.grouped,SRX6979789
/shared/miSRA/upload/idJMD7Y8LH5DJEHBA/bench/SRX6980024/mature_sense.grouped,SRX6980024
/shared/miSRA/upload/idJMD7Y8LH5DJEHBA/bench/SRX6979786/mature_sense.grouped,SRX6979786
/shared/miSRA/upload/idJMD7Y8LH5DJEHBA/bench/SRX6979631/mature_sense.grouped,SRX6979631
/shared/miSRA/upload/idJMD7Y8LH5DJEHBA/bench/SRX6979514/mature_sense.grouped,SRX6979514
/shared/miSRA/upload/idJMD7Y8LH5DJEHBA/bench/SRX6980239/mature_sense.grouped,SRX6980239
/shared/miSRA/upload/idJMD7Y8LH5DJEHBA/bench/SRX6980135/mature_sense.grouped,SRX6980135
/shared/miSRA/upload/idJMD7Y8LH5DJEHBA/bench/SRX6979855/mature_sense.grouped,SRX6979855
/shared/miSRA/upload/idJMD7Y8LH5DJEHBA/bench/SRX6979616/mature_sense.grouped,SRX6979616
/shared/miSRA/upload/idJMD7Y8LH5DJEHBA/bench/SRX6980172/mature_sense.grouped,SRX6980172
/shared/miSRA/upload/idJMD7Y8LH5DJEHBA/bench/SRX6979810/mature_sense.grouped,SRX6979810
/shared/miSRA/upload/idJMD7Y8LH5DJEHBA/bench/SRX6980305/mature_sense.grouped,SRX6980305
/shared/miSRA/upload/idJMD7Y8LH5DJEHBA/bench/SRX6979745/mature_sense.grouped,SRX6979745
/shared/miSRA/upload/idJMD7Y8LH5DJEHBA/bench/SRX6979980/mature_sense.grouped,SRX6979980
/shared/miSRA/upload/idJMD7Y8LH5DJEHBA/bench/SRX6980248/mature_sense.grouped,SRX6980248
/shared/miSRA/upload/idJMD7Y8LH5DJEHBA/bench/SRX6980042/mature_sense.grouped,SRX6980042
/shared/miSRA/upload/idJMD7Y8LH5DJEHBA/bench/SRX6980392/mature_sense.grouped,SRX6980392
/shared/miSRA/upload/idJMD7Y8LH5DJEHBA/bench/SRX6980073/mature_sense.grouped,SRX6980073
/shared/miSRA/upload/idJMD7Y8LH5DJEHBA/bench/SRX6979515/mature_sense.grouped,SRX6979515
/shared/miSRA/upload/idJMD7Y8LH5DJEHBA/bench/SRX6980323/mature_sense.grouped,SRX6980323
/shared/miSRA/upload/idJMD7Y8LH5DJEHBA/bench/SRX6980141/mature_sense.grouped,SRX6980141
/shared/miSRA/upload/idJMD7Y8LH5DJEHBA/bench/SRX6979530/mature_sense.grouped,SRX6979530
/shared/miSRA/upload/idJMD7Y8LH5DJEHBA/bench/SRX6980350/mature_sense.grouped,SRX6980350
/shared/miSRA/upload/idJMD7Y8LH5DJEHBA/bench/SRX6980341/mature_sense.grouped,SRX6980341
/shared/miSRA/upload/idJMD7Y8LH5DJEHBA/bench/SRX6979622/mature_sense.grouped,SRX6979622
/shared/miSRA/upload/idJMD7Y8LH5DJEHBA/bench/SRX6979927/mature_sense.grouped,SRX6979927
/shared/miSRA/upload/idJMD7Y8LH5DJEHBA/bench/SRX6979521/mature_sense.grouped,SRX6979521
/shared/miSRA/upload/idJMD7Y8LH5DJEHBA/bench/SRX6979804/mature_sense.grouped,SRX6979804
/shared/miSRA/upload/idJMD7Y8LH5DJEHBA/bench/SRX6979837/mature_sense.grouped,SRX6979837
/shared/miSRA/upload/idJMD7Y8LH5DJEHBA/bench/SRX6980092/mature_sense.grouped,SRX6980092
/shared/miSRA/upload/idJMD7Y8LH5DJEHBA/bench/SRX6980163/mature_sense.grouped,SRX6980163
/shared/miSRA/upload/idJMD7Y8LH5DJEHBA/bench/SRX6979658/mature_sense.grouped,SRX6979658
/shared/miSRA/upload/idJMD7Y8LH5DJEHBA/bench/SRX6980362/mature_sense.grouped,SRX6980362
/shared/miSRA/upload/idJMD7Y8LH5DJEHBA/bench/SRX6979602/mature_sense.grouped,SRX6979602
/shared/miSRA/upload/idJMD7Y8LH5DJEHBA/bench/SRX6979956/mature_sense.grouped,SRX6979956
/shared/miSRA/upload/idJMD7Y8LH5DJEHBA/bench/SRX6980242/mature_sense.grouped,SRX6980242
/shared/miSRA/upload/idJMD7Y8LH5DJEHBA/bench/SRX6980263/mature_sense.grouped,SRX6980263
/shared/miSRA/upload/idJMD7Y8LH5DJEHBA/bench/SRX6979946/mature_sense.grouped,SRX6979946
/shared/miSRA/upload/idJMD7Y8LH5DJEHBA/bench/SRX6980126/mature_sense.grouped,SRX6980126
/shared/miSRA/upload/idJMD7Y8LH5DJEHBA/bench/SRX6979688/mature_sense.grouped,SRX6979688
/shared/miSRA/upload/idJMD7Y8LH5DJEHBA/bench/SRX6979778/mature_sense.grouped,SRX6979778
/shared/miSRA/upload/idJMD7Y8LH5DJEHBA/bench/SRX6979560/mature_sense.grouped,SRX6979560
/shared/miSRA/upload/idJMD7Y8LH5DJEHBA/bench/SRX6980061/mature_sense.grouped,SRX6980061
/shared/miSRA/upload/idJMD7Y8LH5DJEHBA/bench/SRX6980317/mature_sense.grouped,SRX6980317
/shared/miSRA/upload/idJMD7Y8LH5DJEHBA/bench/SRX6979664/mature_sense.grouped,SRX6979664
/shared/miSRA/upload/idJMD7Y8LH5DJEHBA/bench/SRX6979536/mature_sense.grouped,SRX6979536
/shared/miSRA/upload/idJMD7Y8LH5DJEHBA/bench/SRX6979751/mature_sense.grouped,SRX6979751
/shared/miSRA/upload/idJMD7Y8LH5DJEHBA/bench/SRX6980110/mature_sense.grouped,SRX6980110
/shared/miSRA/upload/idJMD7Y8LH5DJEHBA/bench/SRX6980314/mature_sense.grouped,SRX6980314
/shared/miSRA/upload/idJMD7Y8LH5DJEHBA/bench/SRX6979798/mature_sense.grouped,SRX6979798
/shared/miSRA/upload/idJMD7Y8LH5DJEHBA/bench/SRX6980027/mature_sense.grouped,SRX6980027
/shared/miSRA/upload/idJMD7Y8LH5DJEHBA/bench/SRX6979539/mature_sense.grouped,SRX6979539
/shared/miSRA/upload/idJMD7Y8LH5DJEHBA/bench/SRX6980193/mature_sense.grouped,SRX6980193
/shared/miSRA/upload/idJMD7Y8LH5DJEHBA/bench/SRX6979921/mature_sense.grouped,SRX6979921
/shared/miSRA/upload/idJMD7Y8LH5DJEHBA/bench/SRX6980326/mature_sense.grouped,SRX6980326
/shared/miSRA/upload/idJMD7Y8LH5DJEHBA/bench/SRX6980048/mature_sense.grouped,SRX6980048
/shared/miSRA/upload/idJMD7Y8LH5DJEHBA/bench/SRX6979557/mature_sense.grouped,SRX6979557
/shared/miSRA/upload/idJMD7Y8LH5DJEHBA/bench/SRX6980299/mature_sense.grouped,SRX6980299
/shared/miSRA/upload/idJMD7Y8LH5DJEHBA/bench/SRX6979772/mature_sense.grouped,SRX6979772
/shared/miSRA/upload/idJMD7Y8LH5DJEHBA/bench/SRX6979933/mature_sense.grouped,SRX6979933
/shared/miSRA/upload/idJMD7Y8LH5DJEHBA/bench/SRX6979983/mature_sense.grouped,SRX6979983
/shared/miSRA/upload/idJMD7Y8LH5DJEHBA/bench/SRX6980269/mature_sense.grouped,SRX6980269
/shared/miSRA/upload/idJMD7Y8LH5DJEHBA/bench/SRX6980156/mature_sense.grouped,SRX6980156
/shared/miSRA/upload/idJMD7Y8LH5DJEHBA/bench/SRX6979795/mature_sense.grouped,SRX6979795
/shared/miSRA/upload/idJMD7Y8LH5DJEHBA/bench/SRX6980359/mature_sense.grouped,SRX6980359
/shared/miSRA/upload/idJMD7Y8LH5DJEHBA/bench/SRX6980190/mature_sense.grouped,SRX6980190
/shared/miSRA/upload/idJMD7Y8LH5DJEHBA/bench/SRX6979901/mature_sense.grouped,SRX6979901
/shared/miSRA/upload/idJMD7Y8LH5DJEHBA/bench/SRX6979858/mature_sense.grouped,SRX6979858
/shared/miSRA/upload/idJMD7Y8LH5DJEHBA/bench/SRX6979867/mature_sense.grouped,SRX6979867
/shared/miSRA/upload/idJMD7Y8LH5DJEHBA/bench/SRX6979566/mature_sense.grouped,SRX6979566
/shared/miSRA/upload/idJMD7Y8LH5DJEHBA/bench/SRX6979640/mature_sense.grouped,SRX6979640
/shared/miSRA/upload/idJMD7Y8LH5DJEHBA/bench/SRX6979846/mature_sense.grouped,SRX6979846
/shared/miSRA/upload/idJMD7Y8LH5DJEHBA/bench/SRX6979605/mature_sense.grouped,SRX6979605
/shared/miSRA/upload/idJMD7Y8LH5DJEHBA/bench/SRX6980067/mature_sense.grouped,SRX6980067
/shared/miSRA/upload/idJMD7Y8LH5DJEHBA/bench/SRX6979498/mature_sense.grouped,SRX6979498
/shared/miSRA/upload/idJMD7Y8LH5DJEHBA/bench/SRX6979879/mature_sense.grouped,SRX6979879
/shared/miSRA/upload/idJMD7Y8LH5DJEHBA/bench/SRX6979904/mature_sense.grouped,SRX6979904
/shared/miSRA/upload/idJMD7Y8LH5DJEHBA/bench/SRX6980227/mature_sense.grouped,SRX6980227
/shared/miSRA/upload/idJMD7Y8LH5DJEHBA/bench/SRX6980377/mature_sense.grouped,SRX6980377
/shared/miSRA/upload/idJMD7Y8LH5DJEHBA/bench/SRX6979572/mature_sense.grouped,SRX6979572
/shared/miSRA/upload/idJMD7Y8LH5DJEHBA/bench/SRX6980275/mature_sense.grouped,SRX6980275
/shared/miSRA/upload/idJMD7Y8LH5DJEHBA/bench/SRX6980371/mature_sense.grouped,SRX6980371
/shared/miSRA/upload/idJMD7Y8LH5DJEHBA/bench/SRX6979971/mature_sense.grouped,SRX6979971
/shared/miSRA/upload/idJMD7Y8LH5DJEHBA/bench/SRX6980287/mature_sense.grouped,SRX6980287
/shared/miSRA/upload/idJMD7Y8LH5DJEHBA/bench/SRX6979643/mature_sense.grouped,SRX6979643
/shared/miSRA/upload/idJMD7Y8LH5DJEHBA/bench/SRX6979792/mature_sense.grouped,SRX6979792
/shared/miSRA/upload/idJMD7Y8LH5DJEHBA/bench/SRX6980251/mature_sense.grouped,SRX6980251
/shared/miSRA/upload/idJMD7Y8LH5DJEHBA/bench/SRX6979965/mature_sense.grouped,SRX6979965
/shared/miSRA/upload/idJMD7Y8LH5DJEHBA/bench/SRX6979990/mature_sense.grouped,SRX6979990
/shared/miSRA/upload/idJMD7Y8LH5DJEHBA/bench/SRX6980033/mature_sense.grouped,SRX6980033
/shared/miSRA/upload/idJMD7Y8LH5DJEHBA/bench/SRX6980089/mature_sense.grouped,SRX6980089
/shared/miSRA/upload/idJMD7Y8LH5DJEHBA/bench/SRX6979807/mature_sense.grouped,SRX6979807
/shared/miSRA/upload/idJMD7Y8LH5DJEHBA/bench/SRX6979718/mature_sense.grouped,SRX6979718
/shared/miSRA/upload/idJMD7Y8LH5DJEHBA/bench/SRX6979610/mature_sense.grouped,SRX6979610
/shared/miSRA/upload/idJMD7Y8LH5DJEHBA/bench/SRX6980101/mature_sense.grouped,SRX6980101
/shared/miSRA/upload/idJMD7Y8LH5DJEHBA/bench/SRX6980245/mature_sense.grouped,SRX6980245
/shared/miSRA/upload/idJMD7Y8LH5DJEHBA/bench/SRX6979937/mature_sense.grouped,SRX6979937
/shared/miSRA/upload/idJMD7Y8LH5DJEHBA/bench/SRX6979590/mature_sense.grouped,SRX6979590
/shared/miSRA/upload/idJMD7Y8LH5DJEHBA/bench/SRX6979673/mature_sense.grouped,SRX6979673
/shared/miSRA/upload/idJMD7Y8LH5DJEHBA/bench/SRX6980117/mature_sense.grouped,SRX6980117
/shared/miSRA/upload/idJMD7Y8LH5DJEHBA/bench/SRX6979507/mature_sense.grouped,SRX6979507
/shared/miSRA/upload/idJMD7Y8LH5DJEHBA/bench/SRX6980187/mature_sense.grouped,SRX6980187
/shared/miSRA/upload/idJMD7Y8LH5DJEHBA/bench/SRX6980107/mature_sense.grouped,SRX6980107
/shared/miSRA/upload/idJMD7Y8LH5DJEHBA/bench/SRX6979518/mature_sense.grouped,SRX6979518
/shared/miSRA/upload/idJMD7Y8LH5DJEHBA/bench/SRX6979754/mature_sense.grouped,SRX6979754
/shared/miSRA/upload/idJMD7Y8LH5DJEHBA/bench/SRX6979599/mature_sense.grouped,SRX6979599
/shared/miSRA/upload/idJMD7Y8LH5DJEHBA/bench/SRX6980055/mature_sense.grouped,SRX6980055
/shared/miSRA/upload/idJMD7Y8LH5DJEHBA/bench/SRX6980153/mature_sense.grouped,SRX6980153
/shared/miSRA/upload/idJMD7Y8LH5DJEHBA/bench/SRX6979840/mature_sense.grouped,SRX6979840
/shared/miSRA/upload/idJMD7Y8LH5DJEHBA/bench/SRX6980284/mature_sense.grouped,SRX6980284
/shared/miSRA/upload/idJMD7Y8LH5DJEHBA/bench/SRX6979962/mature_sense.grouped,SRX6979962
/shared/miSRA/upload/idJMD7Y8LH5DJEHBA/bench/SRX6980344/mature_sense.grouped,SRX6980344
/shared/miSRA/upload/idJMD7Y8LH5DJEHBA/bench/SRX6979501/mature_sense.grouped,SRX6979501
/shared/miSRA/upload/idJMD7Y8LH5DJEHBA/bench/SRX6979882/mature_sense.grouped,SRX6979882
/shared/miSRA/upload/idJMD7Y8LH5DJEHBA/bench/SRX6979736/mature_sense.grouped,SRX6979736
/shared/miSRA/upload/idJMD7Y8LH5DJEHBA/bench/SRX6980206/mature_sense.grouped,SRX6980206
/shared/miSRA/upload/idJMD7Y8LH5DJEHBA/bench/SRX6980221/mature_sense.grouped,SRX6980221
/shared/miSRA/upload/idJMD7Y8LH5DJEHBA/bench/SRX6979763/mature_sense.grouped,SRX6979763
